id;path
4450;https://static.1000.menu/img/content/36532/sous-barbeku-domashnii_1562930610_prev_hor.jpg
4452;https://static.1000.menu/img/content-v2/b1/d8/11909/spaisi-sous-dlya-rollov-domashnii_1593087341_prev_hor.jpg
4453;https://static.1000.menu/img/content/30880/sous-salsa-klassicheskii_1552087596_prev_hor.jpg
4454;https://static.1000.menu/img/content-v2/a1/81/42612/sous-beshamel-dlya-lazani-klassicheskii_1579593967_prev_hor.jpg
4455;https://static.1000.menu/img/content-v2/64/2b/45971/marinad-gorchica-soevyi-sous-med_1627307551_prev_hor.jpg
4456;https://static.1000.menu/img/content-v2/18/2c/67754/sous-k-grechke_1662715320_prev_hor.jpg
4457;https://static.1000.menu/img/content-v2/62/6c/16668/slivochno-syrnyi-sous_1619530331_prev_hor.jpg
4458;https://static.1000.menu/img/content-v2/f7/4c/18794/sous-dlya-shavermy-klassicheskii_1585857423_prev_hor.jpg
4461;https://static.1000.menu/img/content/1599/sous-satsebeli_1552064481_prev_hor.jpg
4465;https://static.1000.menu/img/content-v2/ac/f5/46377/sous-dlya-grecheskogo-salata-v-domashnix-usloviyax_1633186231_prev_hor.jpg
4469;https://static.1000.menu/img/content/13102/sous-polskii-dlya-ryby_1552073563_prev_hor.jpg
4472;https://static.1000.menu/img/content-v2/95/65/43903/brusnichnyi-sous-k-myasu-na-zimu_1583690262_prev_hor.jpg
4473;https://static.1000.menu/img/content/22671/sous-alfredo_1552081611_prev_hor.jpg
4474;https://static.1000.menu/img/content-v2/ff/17/5562/kislo-sladkii-sous-s-ananasami-kitaiskii_1620581960_prev_hor.jpg
4477;https://static.1000.menu/img/content-v2/d2/53/14030/domashnii-sous-krasnodarskii-na-zimu_1593336874_prev_hor.jpg
4480;https://static.1000.menu/img/content-v2/09/91/18276/vishnevyi-sous-k-myasu_1633369639_prev_hor.jpg
4481;https://static.1000.menu/img/content-v2/9e/39/23648/limonnyi-sous_1626531899_prev_hor.jpg
4482;https://static.1000.menu/img/content-v2/fc/7c/36610/maslyano-yaichnyi-sous_1627488734_prev_hor.jpg
4484;https://static.1000.menu/img/content-v2/1a/c5/20285/smetanno-chesnochnyi-sous_1586629386_prev_hor.jpg
4488;https://static.1000.menu/img/content-v2/f8/27/25114/domashnii-xleb-na-skovorode_1616406701_prev_hor.jpg
4489;https://static.1000.menu/img/content-v2/18/ae/13309/pankeiki-na-moloke_1552318466_prev_hor.jpg
4490;https://static.1000.menu/img/content-v2/d7/f5/2644/pyshnye-oladi-na-drojjax-i-moloke_1648803070_prev_hor.jpg
4491;https://static.1000.menu/img/content-v2/19/a8/39250/oreshki-so-sgushchenkoi-v-oreshnice-na-gazu_1569351588_prev_hor.jpg
4493;https://static.1000.menu/img/content-v2/47/74/56832/bliny-na-moloke-tonkie-s-dyrochkami_1627040810_prev_hor.jpg
4494;https://static.1000.menu/img/content-v2/a7/ec/39379/syrniki-iz-tvoroga-s-mukoi-na-skovorode_1613501082_prev_hor.jpg
4496;https://static.1000.menu/img/content-v2/ee/62/7120/bliny-na-kefire-s-kipyatkom-tonkie_1581794195_prev_hor.jpg
4497;https://static.1000.menu/img/content-v2/2b/10/39256/korolevskaya-vatrushka-s-tvorogom-v-duxovke_1610367208_prev_hor.jpg
4509;https://static.1000.menu/img/content-v2/81/5e/40554/rojdestvenskoe-imbirnoe-pechene_1616403425_prev_hor.jpg
4510;https://static.1000.menu/img/content-v2/4c/ed/17544/xvorost-klassicheskii_1614588652_prev_hor.jpg
4517;https://static.1000.menu/img/content-v2/26/03/13358/pankeiki-na-kefire-pyshnye_1614250015_prev_hor.jpg
4520;https://static.1000.menu/img/content/32850/pyshnye-lepeshki-na-kefire-na-skovorode_1552403351_prev_hor.jpg
4522;https://static.1000.menu/img/content-v2/e0/2a/5600/vafli-xrustyashchie-v-vafelnice_1592069074_prev_hor.jpg
4523;https://static.1000.menu/img/content-v2/0b/77/40966/chebureki-na-skovorode-s-myasom_1574526138_prev_hor.jpg
4526;https://static.1000.menu/img/content-v2/90/58/15543/pechene-iz-tvoroga-treugolniki-s-saxarom-v-duxovke_1606851865_prev_hor.jpg
4527;https://static.1000.menu/img/content/11857/plushki-moskovskie_1552072949_prev_hor.jpg
4531;https://static.1000.menu/img/content-v2/4c/e7/19731/bulochki-drojjevye-na-moloke_1614276768_prev_hor.jpg
4534;https://static.1000.menu/img/content-v2/c9/b6/17483/tort-zebra-v-duxovke-na-kefire_1617354349_prev_hor.jpg
4535;https://static.1000.menu/img/content-v2/38/5d/14758/xachapuri-s-tvorogom_1575396460_prev_hor.jpg
4540;https://static.1000.menu/img/content-v2/fd/c2/834/pechene-savoyardi-v-domashnix-usloviyax_1623822066_prev_hor.jpg
4541;https://static.1000.menu/img/content/16219/drojjevoe-testo-dlya-lenivyx_1552076141_prev_hor.jpg
4542;https://static.1000.menu/img/content-v2/1e/78/44558/drojjevye-pirojki-na-skovorode-jarenye_1585298225_prev_hor.jpg
4543;https://static.1000.menu/img/content/16481/klassicheskii-biskvit_1552076369_prev_hor.jpg
4545;https://static.1000.menu/img/content-v2/5e/61/41407/solenoe-pechene_1575957690_prev_hor.jpg
4548;https://static.1000.menu/img/content-v2/d6/e5/2649/oladi-iz-govyajei-pecheni_1614243001_prev_hor.jpg
4551;https://static.1000.menu/img/content-v2/e8/8e/50373/biskvitnyi-rulet-uragan_1600766575_prev_hor.jpg
4552;https://static.1000.menu/img/content-v2/a5/0d/39499/chebureki-iz-zavarnogo-testa_1570274590_prev_hor.jpg
4553;https://static.1000.menu/img/content/29093/tykvennye-keksy-iz-tykvy_1552086726_prev_hor.jpg
4555;https://static.1000.menu/img/content-v2/32/b9/43076/yabloki-zapechennye-v-drojjevom-teste-v-duxovke_1617357547_prev_hor.jpg
4560;https://static.1000.menu/img/content/36719/bananovye-pankeiki_1562959914_prev_hor.jpg
4566;https://static.1000.menu/img/content-v2/be/b6/27190/gorbusha-v-klyare-na-skovorode_1585926081_prev_hor.jpg
4570;https://static.1000.menu/img/content-v2/76/f0/65925/bliny-na-moloke-s-yaicami-tonkie_1656565418_prev_hor.jpg
4573;https://static.1000.menu/img/content-v2/e2/16/13931/chernyi-xleb-iz-rjanoi-i-pshenichnoi-muki-v-duxovke_1588173221_prev_hor.jpg
4574;https://static.1000.menu/img/content-v2/44/f4/51563/pirog-s-yablokami-iz-drojjevogo-testa_1606488578_prev_hor.jpg
4580;https://static.1000.menu/img/content-v2/d3/1b/55993/vozdushnye-oladi-na-kefire-ochen-pyshnye_1624955598_prev_hor.jpg
4582;https://static.1000.menu/img/content-v2/48/11/7263/jarenye-pirojki-s-kapustoi-na-skovorode_1569701894_prev_hor.jpg
4586;https://static.1000.menu/img/content-v2/e0/42/14923/xachapuri-po-megrelski_1615189016_prev_hor.jpg
4587;https://static.1000.menu/img/content/28853/oladi-s-yablokami-na-kefire-pyshnye_1552086542_prev_hor.jpg
4588;https://static.1000.menu/img/content-v2/21/a0/51236/shtrudel-s-yablokami-klassicheskii_1605092483_prev_hor.jpg
4589;https://static.1000.menu/img/content-v2/3f/1f/44017/pyshnye-sladkie-bulochki-v-duxovke_1583947465_prev_hor.jpg
4594;https://static.1000.menu/img/content-v2/7e/a1/23467/mintai-v-klyare-na-skovorode_1589547937_prev_hor.jpg
4595;https://static.1000.menu/img/content-v2/db/04/16771/plushki-iz-drojjevogo-testa-v-duxovke_1592762541_prev_hor.jpg
4597;https://static.1000.menu/img/content/29485/lepyoshki-bez-drojjei_1552087055_prev_hor.jpg
4598;https://static.1000.menu/img/content-v2/7d/f0/66724/tvorog-s-yaicom-zavtrak-pp-za-5-minut_1659037211_prev_hor.jpg
4601;https://static.1000.menu/img/content-v2/81/ef/6615/pirojki-na-kefire-v-duxovke_1614850392_prev_hor.jpg
4602;https://static.1000.menu/img/content/25559/francuzskii-baget_1552083797_prev_hor.jpg
4603;https://static.1000.menu/img/content-v2/f3/e3/21487/pampushki-s-chesnokom-k-borshchu_1606976096_prev_hor.jpg
4606;https://static.1000.menu/img/content/27223/belyi-xleb-v-duxovke_1552085203_prev_hor.jpg
4609;https://static.1000.menu/img/content-v2/bc/af/16916/mindalnoe-pechene-klassicheskoe_1606234557_prev_hor.jpg
4611;https://static.1000.menu/img/content-v2/48/c7/40467/ponchiki-iz-tvoroga_1573121353_prev_hor.jpg
4612;https://static.1000.menu/img/content-v2/56/f9/34250/bystrye-saxarnye-bulochki-na-suxix-drojjax_1649191201_prev_hor.jpg
4618;https://static.1000.menu/img/content-v2/78/67/44808/ponchiki-na-skovorode-na-drojjax-domashnie_1585741696_prev_hor.jpg
4619;https://static.1000.menu/img/content-v2/b0/05/26699/pirog-s-ryboi-v-duxovke-iz-drojjevogo-testa_1621921016_prev_hor.jpg
4620;https://static.1000.menu/img/content/35457/uzbekskaya-katlama-s-lukom-lepeshki-iz-sloenogo-testa_1559584192_prev_hor.jpg
4622;https://static.1000.menu/img/content/33898/zalivnoi-pirog-s-farshem-na-kefire_1554512939_prev_hor.jpg
4624;https://static.1000.menu/img/content/12013/ispanskie-churros_1552073063_prev_hor.jpg
4625;https://static.1000.menu/img/content/1781/peremyachi-s-myasom_1552064674_prev_hor.jpg
4626;https://static.1000.menu/img/content-v2/3f/71/40469/pechene-s-predskazaniyami-kitaiskoe-recept-s-foto_1573125549_prev_hor.jpg
4628;https://static.1000.menu/img/content-v2/22/dc/16319/zalivnoi-pirog-s-yablokami-v-duxovke_1606755990_prev_hor.jpg
4630;https://static.1000.menu/img/content-v2/d6/b6/5014/tvorojnye-shariki-jarenye-v-masle_1649489787_prev_hor.jpg
4632;https://static.1000.menu/img/content-v2/dc/ae/9075/ponchiki-jarenye-v-masle_1578397073_prev_hor.jpg
4636;https://static.1000.menu/img/content-v2/bc/8b/17800/oladi-bez-drojjei-na-moloke-pyshnye_1586291724_prev_hor.jpg
4637;https://static.1000.menu/img/content-v2/9f/82/44595/pryanyi-zimnii-pirog_1585290204_prev_hor.jpg
4642;https://static.1000.menu/img/content-v2/8a/8c/43270/bulochki-s-saxarom-iz-sdobnogo-drojjevogo-testa_1614673980_prev_hor.jpg
4645;https://static.1000.menu/img/content-v2/26/86/44378/bulochki-s-povidlom-ix-drojjevogo-testa-v-duxovke_1584983788_prev_hor.jpg
4646;https://static.1000.menu/img/content/27390/krasnye-bliny_1552085338_prev_hor.jpg
4647;https://static.1000.menu/img/content-v2/88/e8/43878/shokoladnyi-muss-na-desert_1614767011_prev_hor.jpg
4648;https://static.1000.menu/img/content/24774/desert-v-stakane-sloyami_1552083183_prev_hor.jpg
4650;https://static.1000.menu/img/content-v2/14/54/41685/krem-desert_1576683878_prev_hor.jpg
4652;https://static.1000.menu/img/content-v2/2b/70/18530/desert-chernosliv-s-greckim-orexom-v-smetane_1644596093_prev_hor.jpg
4653;https://static.1000.menu/img/content-v2/fd/1e/26104/jele-iz-agar-agara_1626637129_prev_hor.jpg
4654;https://static.1000.menu/img/content-v2/5f/99/28234/cukaty-iz-apelsinovyx-korok_1619079894_prev_hor.jpg
4655;https://static.1000.menu/img/content-v2/72/ff/42533/jarenye-banany-na-skovorode_1631598297_prev_hor.jpg
4656;https://static.1000.menu/img/content/5213/aiva-zapechennaya_1552068452_prev_hor.jpg
4657;https://static.1000.menu/img/content-v2/c9/5e/9079/tykva-s-izumom-v-duxovke_1638461914_prev_hor.jpg
4659;https://static.1000.menu/img/content-v2/01/9c/37878/desert-iz-ryajenki-s-jelatinom_1634995665_prev_hor.jpg
4661;https://static.1000.menu/img/content-v2/e5/4d/40109/zapechennye-yabloki-s-koricei-v-duxovke_1621850425_prev_hor.jpg
4662;https://static.1000.menu/img/content-v2/bf/56/41776/apelsiny-s-koricei-desert_1621238755_prev_hor.jpg
4663;https://static.1000.menu/img/content-v2/28/b4/27138/araxisovaya-pasta-domashnyaya_1619640026_prev_hor.jpg
4665;https://static.1000.menu/img/content-v2/27/0c/41016/zefir-bez-saxara-na-agar-agare_1617774099_prev_hor.jpg
4670;https://static.1000.menu/img/content-v2/ae/a8/27063/molochnyi-desert-s-jelatinom_1634291814_prev_hor.jpg
4671;https://static.1000.menu/img/content-v2/5b/1e/64637/tvorojno-bananovyi-desert_1652004173_prev_hor.jpg
4672;https://static.1000.menu/img/content-v2/17/14/11691/italyanskaya-merenga_1618550601_prev_hor.jpg
4674;https://static.1000.menu/img/content-v2/4a/f9/5104/bananovye-chipsy-v-domashnix-usloviyax-v-duxovke_1618206654_prev_hor.jpg
4675;https://static.1000.menu/img/content/12444/shokoladnoe-sufle_1552073304_prev_hor.jpg
4676;https://static.1000.menu/img/content/26846/apelsinovoe-jele_1552084869_prev_hor.jpg
4677;https://static.1000.menu/img/content/24314/yabloki-v-sirope_1552082777_prev_hor.jpg
4681;https://static.1000.menu/img/content-v2/27/97/38977/jele-iz-klubniki-s-jelatinom_1568636990_prev_hor.jpg
4683;https://static.1000.menu/img/content-v2/e1/21/23846/zapechennye-yabloki-v-multivarke-desert_1646224253_prev_hor.jpg
4685;https://static.1000.menu/img/content-v2/32/85/66360/desert-iz-yaic-i-moloka_1657656514_prev_hor.jpg
4686;https://static.1000.menu/img/content-v2/18/e7/24526/tvorojnyi-desert-bez-vypechki-i-bez-jelatina_1647256289_prev_hor.jpg
4687;https://static.1000.menu/img/content/28864/fruktovyi-salat-iz-bananov-i-yablok_1552086552_prev_hor.jpg
4689;https://static.1000.menu/img/content-v2/54/4c/6315/fruktovo-yagodnji-desert_1664354503_prev_hor.jpg
4696;https://static.1000.menu/img/content-v2/74/85/43435/jeleinyi-desert-s-fruktami_1650444260_prev_hor.jpg
4698;https://static.1000.menu/img/content-v2/90/a1/53313/tureckaya-paxlava-iz-testa-filo-s-greckimi-orexami_1615366467_prev_hor.jpg
4699;https://static.1000.menu/img/content/4571/puding-yablochnji_1552067723_prev_hor.jpg
4703;https://static.1000.menu/img/content-v2/99/67/66481/traifl-desert-v-stakanchikax-s-klubnikoi_1658395029_prev_hor.jpg
4711;https://static.1000.menu/img/content-v2/e7/f7/64005/desert-iz-kefira-i-jelatina_1649398582_prev_hor.jpg
4713;https://static.1000.menu/img/content-v2/27/61/59667/muraveinik-pirojnoe-iz-pechenya-i-sguschenki-varenoi_1634811764_prev_hor.jpg
4716;https://static.1000.menu/img/content/764/farshirovannaya-kuraga_1552063558_prev_hor.jpg
4722;https://static.1000.menu/img/content/13256/klubnika-so-smetanoi_1552073712_prev_hor.jpg
4726;https://static.1000.menu/img/content-v2/f7/92/60757/tjkva-s-suxofruktami_1552070929_prev_hor.jpg
4731;https://static.1000.menu/img/content-v2/49/ea/45806/desert-ptiche-moloko_1587542298_prev_hor.jpg
4732;https://static.1000.menu/img/content-v2/cd/85/43544/desert-gryadka-s-morkovkoi_1582613578_prev_hor.jpg
4734;https://static.1000.menu/img/content-v2/00/0e/41620/krem-desert_1576506443_prev_hor.jpg
4744;https://static.1000.menu/img/content/35119/slivochno-tykvennyi-desert_1558689451_prev_hor.jpg
4745;https://static.1000.menu/img/content/35071/medovo-ovsyanye-korzinochki-s-konservirovannymi-fruktami_1558594863_prev_hor.jpg
4746;https://static.1000.menu/img/content/34787/granita-iz-ananasa-i-mango_1557479583_prev_hor.jpg
4749;https://static.1000.menu/img/content/27803/desert-bez-saxara-s-bananom-i-yagodami-jimolosti_1552085697_prev_hor.jpg
4752;https://static.1000.menu/img/content/25850/desert-yablochnyi-krambl_1552084016_prev_hor.jpg
4762;https://static.1000.menu/img/content-v2/87/2b/18036/smetanno-bananovyi-krem-dlya-torta_1577092236_prev_hor.jpg
4764;https://static.1000.menu/img/content/16001/desert-tvorog-kefir-banan_1552075968_prev_hor.jpg
4768;https://static.1000.menu/img/content/15336/tvorojnyi-desert-s-malinovym-sousom_1552075445_prev_hor.jpg
4769;https://static.1000.menu/img/content/14990/molochnyi-puding-s-jelatinom-i-smetanoi_1552075123_prev_hor.jpg
4770;https://static.1000.menu/img/content/13499/xmelnye-yablochki-v-vine-na-desert_1552073935_prev_hor.jpg
4771;https://static.1000.menu/img/content/13370/tvorojnyi-desert-v-detskom-blendere_1552073822_prev_hor.jpg
4772;https://static.1000.menu/img/content/12404/krem-karamel-so-slivkami_1552073282_prev_hor.jpg
4776;https://static.1000.menu/img/content/11738/klubnichnye-oblaka_1552072840_prev_hor.jpg
4777;https://static.1000.menu/img/content/11665/tykvennyi-desert_1552072779_prev_hor.jpg
4778;https://static.1000.menu/img/content/11660/jele-iz-tvoroga-s-ejevikoi_1552072774_prev_hor.jpg
4779;https://static.1000.menu/img/content/11356/bananovaya-sharlotka_1552072551_prev_hor.jpg
4781;https://static.1000.menu/img/content/10718/desert-raffaello-s-klubnikoi_1552072150_prev_hor.jpg
4782;https://static.1000.menu/img/content/10693/tvorog-s-shokoladom-i-klubnikoj_1552072134_prev_hor.jpg
4784;https://static.1000.menu/img/content/9193/klubnika-v-karameli-ko-dnu-vsex-vlublennjx_1552070968_prev_hor.jpg
4788;https://static.1000.menu/img/content-v2/4e/96/4713/cukaty-iz-tykvy-v-duxovke-v-domashnix-usloviyax_1605736751_prev_hor.jpg
4789;https://static.1000.menu/img/content-v2/41/fa/40852/yabloki-na-skovorode-jarenye_1574110088_prev_hor.jpg
4791;https://static.1000.menu/img/content-v2/d7/8d/4743/shokolad-iz-kakao-i-moloka-domashnii_1591076116_prev_hor.jpg
4796;https://static.1000.menu/img/content/36771/zapechennye-yabloki-s-medom-v-duxovke_1563132596_prev_hor.jpg
4836;https://static.1000.menu/img/content/25233/punsh-klassicheskii-alkogolnyi_1552083533_prev_hor.jpg
4896;https://static.1000.menu/img/content-v2/1e/23/16250/salat-morkov-s-maionezom-i-chesnokom_1587063017_prev_hor.jpg
4912;https://static.1000.menu/img/content-v2/28/15/58500/salat-iz-morkovi-kak-v-stolovoi_1631085964_prev_hor.jpg
4914;https://static.1000.menu/img/content-v2/e3/a5/25222/salat-s-kurinoi-pechenu-i-solenymi-ogurcami-i-morkovu_1602223176_prev_hor.jpg
4942;https://static.1000.menu/img/content-v2/e2/a5/48149/xrustyashchaya-marinovannaya-kapusta-bystrogo-prigotovleniya_1592302380_prev_hor.jpg
4958;https://static.1000.menu/img/content-v2/56/05/34130/salat-s-kuricei-pomidorami-i-syrom_1568630536_prev_hor.jpg
4969;https://static.1000.menu/img/content-v2/ce/7e/40726/salat-s-izumom_1573758786_prev_hor.jpg
4976;https://static.1000.menu/img/content-v2/48/99/42057/salat-s-morkovu-i-solenymi-ogurcami_1577892533_prev_hor.jpg
4982;https://static.1000.menu/img/content/31221/salat-elochka-na-novyi-god_1552319402_prev_hor.jpg
4987;https://static.1000.menu/img/content/27228/salat-zelenyi-luk-s-yaicom_1552085206_prev_hor.jpg
4988;https://static.1000.menu/img/content/33467/salat-tbilisi-s-fasolu_1553240917_prev_hor.jpg
4996;https://static.1000.menu/img/content-v2/b9/09/41791/salat-ministerskii-klassicheskii_1622488913_prev_hor.jpg
4999;https://static.1000.menu/img/content-v2/fc/a6/43965/salat-koul-slou-klassicheskii_1583838565_prev_hor.jpg
5008;https://static.1000.menu/img/content-v2/c2/ec/58353/krem-sup-iz-tykvy-so-slivkami1_1630584817_prev_hor.jpg
5012;https://static.1000.menu/img/content/26995/sup-xarcho-iz-svininy-s-risom_1552084987_prev_hor.jpg
5016;https://static.1000.menu/img/content-v2/f5/28/13821/uxa-iz-krasnoi-ryby_1569157396_prev_hor.jpg
5023;https://static.1000.menu/img/content-v2/c2/b5/40520/molochnyi-sup-s-vermishelu_1607598998_prev_hor.jpg
5036;https://static.1000.menu/img/content-v2/de/5f/27840/gribnoi-sup-pure-iz-shampinonov-so-slivkami-klassicheskii_1633551224_prev_hor.jpg
5128;https://static.1000.menu/img/content-v2/b1/c5/28504/armyanskii-xash_1640465453_prev_hor.jpg
5136;https://static.1000.menu/img/content-v2/46/7d/48043/klecki-dlya-supa-iz-muki-i-yaic_1627300791_prev_hor.jpg
5159;https://static.1000.menu/img/content/13426/kurinyi-bulon-s-lapshoi_1552073861_prev_hor.jpg
5163;https://static.1000.menu/img/content/26845/bulon-s-yaicom_1552084868_prev_hor.jpg
5164;https://static.1000.menu/img/content-v2/68/bf/10711/jarenaya-morkov-s-lukom-na-skovorode_1575378757_prev_hor.jpg
5170;https://static.1000.menu/img/content-v2/ab/6b/33831/zapechennaya-utka-s-apelsinami-v-duxovke_1611688724_prev_hor.jpg
5180;https://static.1000.menu/img/content/37536/jarenoe-myaso-na-skovorode_1565094643_prev_hor.jpg
5181;https://static.1000.menu/img/content-v2/6d/d6/39956/kurinaya-pechen-s-lukom-na-skovorode-jarenaya_1645249876_prev_hor.jpg
5183;https://static.1000.menu/img/content-v2/e5/e1/14382/peredelka-pyshnyi-omlet-na-skovorode_1594834495_prev_hor.jpg
5194;https://static.1000.menu/img/content-v2/59/15/4806/cvetnaya-kapusta-v-klyare-prosto_1589562160_prev_hor.jpg
5199;https://static.1000.menu/img/content-v2/1b/03/13996/ris-s-tykvoi_1587049469_prev_hor.jpg
5205;https://static.1000.menu/img/content-v2/f6/c6/51997/marmelad-iz-tykvy-s-jelatinom-v-domashnix-usloviyax_1608319150_prev_hor.jpg
5207;https://static.1000.menu/img/content-v2/a2/a1/50724/tvorojnaya-zapekanka-pp-v-duxovke-bez-muki_1602407336_prev_hor.jpg
5209;https://static.1000.menu/img/content-v2/b8/99/28660/prostoi-i-vkusnyi-salat-iz-svejei-belokochannoi-kapusty_1603095268_prev_hor.jpg
5211;https://static.1000.menu/img/content/38147/tykva-v-mikrovolnovke-v-domashnix-usloviyax_1566591332_prev_hor.jpg
5214;https://static.1000.menu/img/content/32178/salat-iz-repy-jeltoi_1552326324_prev_hor.jpg
5215;https://static.1000.menu/img/content-v2/0e/6c/4770/fruktovoe-jele-iz-jelatina-domashnee_1627811030_prev_hor.jpg
5216;https://static.1000.menu/img/content-v2/9b/0e/13802/salat-tyorka_1636109069_prev_hor.jpg
5218;https://static.1000.menu/img/content-v2/cb/1d/58130/fruktovyi-smuzi-v-blendere_1630060741_prev_hor.jpg
5221;https://static.1000.menu/img/content-v2/b8/0f/36048/salat-iz-fasoli-s-morkovu-i-lukom_1617612275_prev_hor.jpg
5223;https://static.1000.menu/img/content-v2/68/4e/27405/dieticheskie-syrniki-iz-tvoroga-v-duxovke_1628664838_prev_hor.jpg
5224;https://static.1000.menu/img/content/1181/salat-fruktovji-po-yaponski_1552064038_prev_hor.jpg
5225;https://static.1000.menu/img/content-v2/ce/b8/18151/yabloki-s-medom-zapechennye-v-mikrovolnovke_1587188592_prev_hor.jpg
5226;https://static.1000.menu/img/content-v2/f2/1a/44335/salat-iz-svejei-tykvy_1584775316_prev_hor.jpg
5228;https://static.1000.menu/img/content-v2/74/f8/60357/lnyanoi-kisel-iz-lnyanogo-semeni_1637414074_prev_hor.jpg
5229;https://static.1000.menu/img/content/33812/kutya-iz-risa-s-izumom-i-medom_1554448365_prev_hor.jpg
5236;https://static.1000.menu/img/content/37299/kanape-na-detskii-den-rojdeniya_1564496008_prev_hor.jpg
5239;https://static.1000.menu/img/content/31711/yabloki-farshirovannye-chernoslivom_1552322347_prev_hor.jpg
5242;https://static.1000.menu/img/content/27668/salat-s-vyalenymi-pomidorami-i-rukkoloi_1552085574_prev_hor.jpg
5244;https://static.1000.menu/img/content-v2/3b/1f/7063/prostoi-pp-salat-iz-daikona-s-morkovu-i-yablokom_1605457708_prev_hor.jpg
5245;https://static.1000.menu/img/content-v2/0e/8d/49905/keksy-bez-glutena_1598354330_prev_hor.jpg
5246;https://static.1000.menu/img/content/33912/batonchiki-iz-suxofruktov-i-orexov-svoimi-rukami_1554876987_prev_hor.jpg
5249;https://static.1000.menu/img/content-v2/8c/e4/51794/ovsyanoblin-bez-yaic-i-moloka_1607508979_prev_hor.jpg
5251;https://static.1000.menu/img/content-v2/f2/a8/50350/bananovye-oladi-pp-s-risovoi-mukoi_1600682682_prev_hor.jpg
5252;https://static.1000.menu/img/content/31251/cimes-evreiskii_1552087733_prev_hor.jpg
5254;https://static.1000.menu/img/content/12636/granola_1552073408_prev_hor.jpg
5261;https://static.1000.menu/img/content-v2/a8/e1/49842/konfety-chernosliv-v-shokolade-zakaz_1598103197_prev_hor.jpg
5262;https://static.1000.menu/img/content-v2/ef/99/49403/bananovoe-morojenoe-s-klubnikoi-bez-saxara-i-slivok_1596411514_prev_hor.jpg
5267;https://static.1000.menu/img/content-v2/8e/c0/42248/salat-s-seldereem-i-yablokom_1578579709_prev_hor.jpg
5270;https://static.1000.menu/img/content-v2/94/8b/40337/salat-iz-svejei-morkovi_1572721481_prev_hor.jpg
5277;https://static.1000.menu/img/content/27930/salat-iz-klubniki-i-kivi_1552085814_prev_hor.jpg
5283;https://static.1000.menu/img/content/26656/fruktovyi-salat-s-klubnikoi-i-vinogradom_1552084701_prev_hor.jpg
5288;https://static.1000.menu/img/content/26365/salat-s-klubnikoi-i-rukkoloi_1552319047_prev_hor.jpg
5294;https://static.1000.menu/img/content/24942/konfety-iz-suxofruktov-v-blendere_1552083320_prev_hor.jpg
5311;https://static.1000.menu/img/content/16572/fruktovyi-salat-k-zavtraku_1552076446_prev_hor.jpg
5315;https://static.1000.menu/img/content/14800/tushonaja-morkov-s-chernoslivom_1552074985_prev_hor.jpg
5319;https://static.1000.menu/img/content/13132/salat-iz-svejei-svekly-i-yablok_1552073593_prev_hor.jpg
5326;https://static.1000.menu/img/content/10956/apelsiny-s-greckimi-orexami-v-duxovke_1552072316_prev_hor.jpg
5332;https://static.1000.menu/img/content/8064/medovje-bananj-s-kunzhutnoi-posjpkoi_1552070347_prev_hor.jpg
5333;https://static.1000.menu/img/content/7221/desertnji-salat-so-svekloi_1552069748_prev_hor.jpg
5334;https://static.1000.menu/img/content/7042/chernosliv-v-shokolade-s-oreshkali_1552069593_prev_hor.jpg
5335;https://static.1000.menu/img/content/6837/poleznje-konfetj_1552069449_prev_hor.jpg
5346;https://static.1000.menu/img/content/2827/salat-aisberg_1552065702_prev_hor.jpg
5347;https://static.1000.menu/img/content/2301/salat-iz-sjroi-sveklj_1552065129_prev_hor.jpg
5348;https://static.1000.menu/img/content/2098/salat-novinki-s-seldereem-i-gretskimi-orehami_1552064909_prev_hor.jpg
5355;https://static.1000.menu/img/content-v2/3b/e5/53912/bananovje-chipsj_1552068337_prev_hor.jpg
5356;https://static.1000.menu/img/content-v2/9b/e7/51768/bananovye-pankeiki-bez-saxara_1607357885_prev_hor.jpg
5357;https://static.1000.menu/img/content-v2/c3/06/50884/jidkoe-zoloto-maslo-gxi_1603177684_prev_hor.jpg
5362;https://static.1000.menu/img/content-v2/69/97/16623/zavarnoi-krem-klassicheskii_1603445734_prev_hor.jpg
5364;https://static.1000.menu/img/content-v2/12/08/22358/gorchica-iz-poroshka-bystro_1620383447_prev_hor.jpg
5367;https://static.1000.menu/img/content/25209/sharlotka-klassicheskaya_1552083512_prev_hor.jpg
5368;https://static.1000.menu/img/content-v2/94/38/41153/marinad-dlya-utki-pered-zapekaniem-v-duxovke_1575146148_prev_hor.jpg
5371;https://static.1000.menu/img/content-v2/45/15/39491/kvashenaya-kapusta-klassicheskaya-v-banke_1570218500_prev_hor.jpg
5373;https://static.1000.menu/img/content/35159/kapusta-marinovannaya-v-banke_1558779695_prev_hor.jpg
5374;https://static.1000.menu/img/content-v2/1d/a1/23096/bolgarskii-perec-s-morkovu-na-zimu_1571053261_prev_hor.jpg
5377;https://static.1000.menu/img/content-v2/4a/36/49525/imbir-s-limonom-i-medom-dlya-immuniteta-i-dlya-poxudeniya_1596965147_prev_hor.jpg
5379;https://static.1000.menu/img/content-v2/39/e0/17319/perec-gorkii-marinovannyi-na-zimu-bez-sterilizacii_1597532429_prev_hor.jpg
5381;https://static.1000.menu/img/content/24648/toplenoe-maslo-iz-slivochnogo-v-domashnix-usloviyax_1552083077_prev_hor.jpg
5383;https://static.1000.menu/img/content-v2/fd/97/15917/domashnii-maionez-s-gorchicei-blenderom_1590255953_prev_hor.jpg
5389;https://static.1000.menu/img/content-v2/e9/02/10722/svekla-v-mikrovolnovke-bystro-v-pakete-varenaya_1595112597_prev_hor.jpg
5393;https://static.1000.menu/img/content-v2/ca/81/39042/kak-zasolit-kapustu-na-zimu-v-banku_1568725833_prev_hor.jpg
5394;https://static.1000.menu/img/content-v2/c1/11/43895/aising-dlya-pryanikov-v-domashnix-usloviyax_1583689139_prev_hor.jpg
5397;https://static.1000.menu/img/content-v2/6f/1e/17768/perec-bolgarskii-na-zimu-bez-sterilizacii_1594032721_prev_hor.jpg
5398;https://static.1000.menu/img/content-v2/c4/88/39968/nachinka-iz-kapusty-dlya-pirojkov_1571687326_prev_hor.jpg
5404;https://static.1000.menu/img/content/38105/xrustyashchaya-kapusta-v-banke-na-zimu_1566467509_prev_hor.jpg
5407;https://static.1000.menu/img/content/37861/marinad-dlya-gribov-na-litr-vody-na-zimu_1566192509_prev_hor.jpg
5409;https://static.1000.menu/img/content-v2/39/05/4027/klukva-s-saxarom-na-zimu_1552086799_prev_hor.jpg
5412;https://static.1000.menu/img/content-v2/b1/3e/4471/varene-iz-feihua-sjroe_1601571695_prev_hor.jpg
5413;https://static.1000.menu/img/content-v2/61/76/10240/postnyi-maionez-v-domashnix-usloviyax-blenderom-bez-yaic_1608134164_prev_hor.jpg
5417;https://static.1000.menu/img/content-v2/32/3f/50871/kvashenaya-kapusta-s-semenami-ukropa-na-zimu-v-bankax_1661360486_prev_hor.jpg
5421;https://static.1000.menu/img/content-v2/84/9d/24682/testo-dlya-pirojkov-s-suximi-drojjami-na-moloke_1582575665_prev_hor.jpg
5422;https://static.1000.menu/img/content/10982/yablochnji-uksus-domashnij_1552072332_prev_hor.jpg
