id;name;image_id
3;Соус барбекю домашний;4450
5;Спайси соус для роллов домашний;4452
6;Соус сальса классический;4453
7;Соус бешамель для лазаньи классический;4454
8;Маринад горчица соевый соус мед;4455
9;Соус к гречке;4456
10;Сливочно сырный соус;4457
11;Соус для шавермы классический;4458
14;Соус Сацебели к мясу;4461
18;Соус для греческого салата в домашних условиях;4465
22;Соус Польский для рыбы;4469
25;Брусничный соус к мясу на зиму;4472
26;Соус Альфредо для пасты;4473
27;Кисло-сладкий соус с ананасами китайский;4474
30;Домашний соус Краснодарский на зиму;4477
33;Вишневый соус к мясу;4480
34;Лимонный соус;4481
35;Масляно яичный соус;4482
37;Сметанно чесночный соус;4484
41;Домашний хлеб на сковороде;4488
42;Панкейки на молоке пышные;4489
43;Пышные оладьи на дрожжах и молоке;4490
44;Орешки с вареной сгущенкой в орешнице на газу;4491
46;Блины на молоке тонкие с дырочками;4493
47;Сырники из творога с мукой на сковороде;4494
49;Блины на кефире с кипятком тонкие;4496
50;Королевская ватрушка с творогом в духовке классическая;4497
62;Рождественское имбирное печенье;4509
63;Хворост классический;4510
70;Панкейки на кефире пышные;4517
73;Пышные лепешки на кефире на сковороде;4520
75;Вафли хрустящие в вафельнице;4522
76;Чебуреки на сковороде с мясом;4523
79;Печенье из творога треугольники с сахаром в духовке;4526
80;Плюшки с сахаром из дрожжевого теста Московские;4527
84;Сдобная выпечка Булочки дрожжевые на молоке;4531
87;Торт Зебра в духовке на кефире;4534
88;Хачапури с творогом в духовке;4535
93;Печенье Савоярди в домашних условиях;4540
94;Быстрое дрожжевое тесто в холодильнике в пакете;4541
95;Дрожжевые пирожки на сковороде жареные;4542
96;Бисквит классический в духовке;4543
98;Соленое печенье;4545
101;Оладьи из говяжьей печени;4548
104;Бисквитный рулет с кремом Ураган;4551
105;Чебуреки из заварного теста;4552
106;Тыквенные кексы;4553
108;Яблоки запеченные в дрожжевом тесте в духовке;4555
113;Банановые панкейки;4560
119;Горбуша в кляре на сковороде;4566
123;Блины на молоке с яйцами тонкие;4570
126;Черный хлеб из ржаной и пшеничной муки в духовке;4573
127;Пирог с яблоками из дрожжевого теста в духовке;4574
133;Пышные оладьи на кефире с содой и яйцами;4580
135;Жареные пирожки с капустой на сковороде;4582
139;Хачапури по мегрельски настоящий;4586
140;Оладьи с яблоками на кефире;4587
141;Штрудель с яблоками классический;4588
142;Пышные сладкие булочки в духовке;4589
147;Филе минтая в кляре на сковороде;4594
148;Плюшки из дрожжевого теста в духовке;4595
150;Лепешки без дрожжей;4597
151;Творог с яйцом завтрак ПП за 5 минут;4598
154;Пирожки на кефире в духовке;4601
155;Домашний французский багет в духовке;4602
156;Украинские пампушки с чесноком к борщу в духовке на дрожжах;4603
159;Белый хлеб в духовке;4606
162;Миндальное печенье классическое;4609
164;Пончики из творога;4611
165;Быстрые сахарные булочки на сухих дрожжах;4612
171;Пончики на сковороде на дрожжах домашние;4618
172;Пирог с рыбой в духовке из дрожжевого теста;4619
173;Узбекская катлама с луком лепешки из слоеного теста;4620
175;Заливной пирог с фаршем на кефире;4622
177;Чуррос испанский во фритюре;4624
178;Перемячи из готового дрожжевого теста с бараниной;4625
179;Печенье с предсказаниями китайское;4626
181;Заливной пирог с яблоками в духовке;4628
183;Творожные шарики жареные в масле;4630
185;Пончики жареные в масле сладкие;4632
189;Оладьи без дрожжей на молоке пышные;4636
190;Новогодний пирог зимний пряный;4637
195;Выпечка булочек с сахаром из сдобного дрожжевого теста;4642
198;Булочки с повидлом из дрожжевого теста в духовке;4645
199;Красные блины;4646
200;Шоколадный мусс на десерт;4647
201;Десерт в стакане слоями;4648
203;Крем десерт;4650
205;Чернослив с грецким орехом в сметане десерт;4652
206;Десерт Желе из агар агара;4653
207;Цукаты из апельсиновых корок на десерт;4654
208;Жареные бананы на сковороде на десерт;4655
209;Запеченная айва с грецкими орехами  горячий десерт;4656
210;Тыква с изюмом в духовке на десерт;4657
212;Десерт из ряженки с желатином;4659
214;Запеченные яблоки с корицей в духовке на десерт;4661
215;Апельсины с корицей десерт;4662
216;Арахисовая паста домашняя на десерт;4663
218;Зефир без сахара на агар агаре ПП десерт;4665
223;Молочный десерт с желатином;4670
224;Творожно банановый десерт;4671
225;Итальянская меренга на десерт;4672
227;Банановые чипсы в домашних условиях в духовке десерт;4674
228;Шоколадное суфле горячий десерт;4675
229;Апельсиновое желе десерт из апельсин;4676
230;Яблоки кусочками в духовке с корицей и сиропом на десерт;4677
234;Желе из клубники с желатином десерт;4681
236;Запеченные яблоки в мультиварке десерт;4683
238;Десерт из яиц и молока;4685
239;Творожный десерт без выпечки и без желатина;4686
240;Фруктовый салат десерт из бананов и яблок;4687
242;Ягодный десерт;4689
249;Желейный десерт с фруктами;4696
251;Турецкая пахлава из теста фило на десерт;4698
252;Пудинг яблочный десерт;4699
256;Трайфл десерт в стаканчиках с клубникой;4703
264;Десерт из кефира и желатина;4711
266;Муравейник пирожное из печенья и сгущенки на десерт;4713
269;Десерт Фаршированная курага;4716
275;Клубника со сметаной десерт;4722
279;Десерт тыква с изюмом и сухофруктами на сковороде;4726
284;Десерт Птичье молоко на агар-агаре;4731
285;Десерт Грядка с морковкой;4732
287;Клубника желатин сливки десерт;4734
297;Сливочно-тыквенный десерт с орехами, джемом и корицей;4744
298;Десерт из овсяных хлопьев корзиночки с фруктами;4745
299;Гранита десерт из ананаса и манго;4746
302;Десерт без сахара с бананом и ягодами;4749
305;Десерт Яблочный крамбл;4752
315;Сметанно банановый крем десерт;4762
317;Десерт творог кефир банан быстро и вкусно;4764
321;Творожный десерт с малиновым соусом;4768
322;Молочный пудинг с желатином и сметаной;4769
323;Хмельные яблочки в вине на десерт;4770
324;Творожный десерт в блендере для детей;4771
325;Крем-карамель со сливками;4772
329;Десерт Клубничные облака с желатином;4776
330;Тыквенный десерт;4777
331;Желе из творога с ежевикой;4778
332;Банановая шарлотка;4779
334;Десерт Раффаэлло с клубникой;4781
335;Творожный десерт с шоколадом и клубникой;4782
337;Десерт на день Влюбленных;4784
341;Цукаты из тыквы в духовке в домашних условиях;4788
342;Яблоки на сковороде жареные;4789
344;Шоколад из какао и молока домашний;4791
349;Запеченные яблоки с медом в духовке;4796
389;Пунш алкогольный классический;4836
449;Салат Морковь с майонезом и чесноком;4896
465;Салат из моркови как в столовой;4912
467;Салат с куриной печенью и солеными огурцами и морковью;4914
495;Быстрая хрустящая капуста в банке маринованная;4942
511;Салат с курицей, помидорами и сыром;4958
522;Салат с изюмом и сметаной;4969
529;Салат с морковью и солеными огурцами;4976
535;Салат Елочка на Новый год;4982
540;Салат зеленый лук с яйцом и майонезом;4987
541;Салат Тбилиси говядина красная фасоль болгарский перец;4988
549;Салат Министерский классический;4996
552;Салат коул слоу классический;4999
561;Крем суп из тыквы со сливками на первое;5008
565;Суп харчо из свинины с рисом;5012
569;Уха из красной рыбы;5016
576;Молочный суп с вермишелью на первое;5023
589;Грибной суп пюре из шампиньонов со сливками классический;5036
681;Армянский хаш;5128
689;Клецки для супа из муки и яиц;5136
712;Куриный бульон с лапшой;5159
716;Куриный бульон с яйцом;5163
717;Жареная морковь с луком на сковороде;5164
723;Запеченная утка с апельсинами в духовке на второе;5170
733;Жареное мясо на сковороде;5180
734;Куриная печень на сковороде жареная с луком;5181
736;Пышный омлет на сковороде;5183
747;Цветная капуста в кляре на сковороде;5194
752;Тушеный рис с тыквой;5199
758;Мармелад из тыквы с желатином в домашних условиях;5205
760;Творожная запеканка пп без муки и манки в духовке;5207
762;Простой и вкусный салат из свежей белокочанной капусты;5209
764;Запеченная тыква в микроволновке кусочками с медом;5211
767;Салат из репы желтой;5214
768;Фруктовое желе из желатина домашнее;5215
769;Салат Тёрка;5216
771;Фруктовый смузи в блендере;5218
774;Салат из фасоли с морковью и луком;5221
776;Диетические ПП сырники из творога в духовке;5223
777;Фруктовый салат с помидорами и ананасом по-японски;5224
778;Яблоки с медом запеченные в микроволновке целиком в кожуре;5225
779;Салат из свежей тыквы;5226
781;Льняной кисель из льняного семени;5228
782;Кутья из риса с изюмом и медом;5229
789;Канапе на детский день рождения;5236
792;Яблоки фаршированные черносливом;5239
795;Салат с вялеными помидорами и рукколой ПП;5242
797;Простой ПП салат из дайкона с морковью и яблоком;5244
798;Кексы без глютена ПП;5245
799;Батончики из сухофруктов и орехов своими руками;5246
802;Овсяноблин без яиц и молока ПП;5249
804;Банановые оладьи ПП с рисовой мукой без глютена;5251
805;Цимес еврейский;5252
807;Батончик гранола;5254
814;Конфеты чернослив в шоколаде;5261
815;Банановое Мороженое с Клубникой, без сахара и сливок.;5262
820;ПП Салат с сельдереем, яблоком, орехами и лимонным соком;5267
823;Салат из свежей моркови с айвой мандаринами медом;5270
830;Салат из клубники и киви;5277
836;Фруктовый салат с клубникой и виноградом;5283
841;Салат с клубникой и рукколой;5288
847;Конфеты из сухофруктов в блендере;5294
864;Фруктовый салат к завтраку;5311
868;Тушеная морковь с черносливом;5315
872;Салат из свежей свеклы и яблок с грецкими орехами;5319
879;Апельсины с грецкими орехами в духовке;5326
885;Медовые бананы с кунжутной посыпкой;5332
886;салат из свеклы с изюмом и орехами;5333
887;Чернослив в шоколаде с орешками;5334
888;Полезные конфеты;5335
899;Салат айсберг с оливковым маслом;5346
900;Салат из сырой свеклы с грецкими орехами и черносливом;5347
901;Салат Новинки с сельдереем и грецкими орехами;5348
908;Чипсы из бананов с кайенским перцем;5355
909;Банановые панкейки без сахара;5356
910;Жидкое золото (масло гхи);5357
915;Заварной крем классический;5362
917;Домашняя горчица из горчичного порошка;5364
920;Шарлотка классическая с яблоками в духовке пышная;5367
921;Маринад для утки перед запеканием в духовке;5368
924;Квашеная капуста классическая в банке;5371
926;Капуста маринованная в банке;5373
927;Болгарский перец с морковью на зиму;5374
930;Имбирь с лимоном и медом для иммунитета и для похудения;5377
932;Перец горький маринованный на зиму без стерилизации;5379
934;Топленое масло из сливочного в домашних условиях;5381
936;Домашний майонез с горчицей классический блендером;5383
942;Как быстро сварить свеклу в микроволновке в пакете;5389
946;Как засолить капусту на зиму в банку;5393
947;Айсинг для пряников в домашних условиях;5394
950;Перец болгарский на зиму без стерилизации;5397
951;Начинка из капусты для пирожков;5398
957;Хрустящая маринованная капуста в банке на зиму;5404
960;Маринад для грибов на литр воды на зиму;5407
962;Клюква на зиму с сахаром без варки;5409
965;Варенье из фейхоа без варки протертое с сахаром на зиму;5412
966;Вегетарианский постный майонез блендером без яиц;5413
970;Капуста с морковью на зиму;5417
974;Тесто для пирожков с сухими дрожжами на молоке;5421
975;Яблочный уксус домашний;5422
